algorithm,case,start,destination,waypoints_in_order,reachable,total_cost,runtime_ns,runtime_ms,path
Dijkstra,Case 1,L0001,L0001,NONE,true,0,41700,0.041700,L0001
Dijkstra,Case 2,L0001,L0010,NONE,true,27,4926100,4.926100,L0001 -> L0340 -> L0339 -> L0895 -> L0894 -> L0082 -> L0284 -> L0010
Dijkstra,Case 3,L0001,L0101,L0105,true,39,3940100,3.940100,L0001 -> L0340 -> L0339 -> L0247 -> L0017 -> L0128 -> L0107 -> L0106 -> L0105 -> L0106 -> L0107 -> L0108 -> L0827 -> L0996 -> L0101
Dijkstra,Case 4,L0001,L0201,L0105 -> L0205,true,48,4518500,4.518500,L0001 -> L0340 -> L0339 -> L0247 -> L0017 -> L0128 -> L0107 -> L0106 -> L0105 -> L0106 -> L0107 -> L0108 -> L0243 -> L0242 -> L0241 -> L0385 -> L0205 -> L0201
BFS,Case 1,L0001,L0001,NONE,true,0,22500,0.022500,L0001
BFS,Case 2,L0001,L0010,NONE,true,30,2547800,2.547800,L0001 -> L1000 -> L0704 -> L0705 -> L0009 -> L0010
BFS,Case 3,L0001,L0101,L0105,true,52,2431700,2.431700,L0001 -> L0340 -> L0580 -> L0344 -> L0474 -> L0105 -> L0104 -> L0103 -> L0102 -> L0101
BFS,Case 4,L0001,L0201,L0105 -> L0205,true,66,2378000,2.378000,L0001 -> L0340 -> L0580 -> L0344 -> L0474 -> L0105 -> L0106 -> L0537 -> L0204 -> L0205 -> L0201
